z,VER_127,VER_428,rho,c,T
90.0,0.0,0.0,0.0008839939999999999,205.711,183.2346113490498
90.1,2499999999.999858,1.1054596556203984e-12,0.000861880367185895,205.62594820768672,183.0832813827218
90.2,5000000000.000072,4.247694145873756e-12,0.0008402444121025604,205.54931277084088,182.94692575661182
90.3,7499999999.999928,9.17017134742514e-12,0.0008190806916687986,205.48050853885476,182.82450419020364
90.4,10000000000.000143,1.5623880000217947e-11,0.0007983837628034139,205.41895036112115,182.71497640298142
90.5,12500000000.0,2.336892102215425e-11,0.0007781481824252088,205.36405308703232,182.61730211442898
90.6,14999999999.999857,3.217609577168052e-11,0.000758368507452987,205.31523156598095,182.5304410440304
90.7,17500000000.000072,4.1828490654666086e-11,0.0007390392948055519,205.2719006473595,182.4533529112696
90.8,19999999999.999928,5.212305747285675e-11,0.0007201551014017069,205.23347518056053,182.38499743563065
90.9,22500000000.00014,6.287218891224015e-11,0.0007017104841602552,205.19937001497655,182.3243343365975
91.0,25000000000.0,7.390528857087135e-11,0.0006837,205.169,182.27032333365403
91.1,27499999999.99986,8.507033492707942e-11,0.0006661182058397449,205.14177998502345,182.2219241462843
91.2,30000000000.00007,9.623543865050331e-11,0.0006489596585982933,205.11712481943948,182.17809649397233
91.3,32499999999.99993,1.0729039266009463e-10,0.000632218915194448,205.09444935264045,182.137800096202
91.4,35000000000.000145,1.181482143350678e-10,0.0006158905325470128,205.073168434019,182.09999467245734
91.5,37500000000.0,1.2874667928678062e-10,0.0005999690675747913,205.05269691296766,182.06363994222238
91.6,39999999999.999855,1.3904984610168637e-10,0.0005844490771965862,205.03244963887886,182.027695624981
91.7,42500000000.00007,1.490495714678147e-10,0.0005693251183312013,205.01184146114525,181.99112144021726
91.8,44999999999.99993,1.5876701509970595e-10,0.0005545917478974397,204.9902872291592,181.9528771074151
91.9,47500000000.000145,1.6825413387935274e-10,0.0005402435228141048,204.96720179231326,181.91192234605847
92.0,50000000000.0,1.77595164633481e-10,0.000526275,204.942,181.86721687563144
92.1,63499999999.99923,1.868918150026518e-10,0.0005126795604551253,204.9143658522194,181.81819818797612
92.2,77000000000.00038,1.962032393296225e-10,0.0004994458815042673,204.88505995140136,181.7662148643676
92.3,90499999999.99962,2.0557225105321559e-10,0.00048656146455340913,204.85511205058336,181.71309325843913
92.4,104000000000.00078,2.150357721889329e-10,0.0004740138110085345,204.8255519028028,181.660659723824
92.5,117500000000.0,2.2462195493458342e-10,0.0004617904222756263,204.79740926109693,181.61074061415542
92.6,130999999999.99922,2.3434731301007916e-10,0.00044987879976066814,204.77171387850345,181.56516228306674
92.7,144500000000.0004,2.4421386383236584e-10,0.00043826644486964306,204.74949550805957,181.5257510841912
92.8,157999999999.9996,2.5420628262264605e-10,0.0004269408590085345,204.7317839028028,181.49433337116199
92.9,171500000000.00076,2.642890695389651e-10,0.0004158895435833256,204.7196088157704,181.4727354976124
93.0,185000000000.0,2.7440373092285276e-10,0.0004051,204.714,181.4627838171758
93.1,198499999999.99924,2.8449027584637467e-10,0.0003945614483397541,204.71564760609897,181.46570240714706
93.2,212000000000.00037,2.9456995317646814e-10,0.0003842699833846379,204.72388337495508,181.48030623946786
93.3,225499999999.99963,3.0469297385016097e-10,0.00037422341859191506,204.7376994450261,181.5048080097415
93.4,239000000000.00076,3.149173491725679e-10,0.00036441956741884904,204.75608795476998,181.53742041357148
93.5,252500000000.0,3.253090156974819e-10,0.0003548562433227033,204.7780410426444,181.576356146561
93.6,265999999999.99924,3.3594195735970853e-10,0.0003455312597607413,204.8025508471073,181.61982790431352
93.7,279500000000.00037,3.4689832480807724e-10,0.0003364424301902265,204.82860950661652,181.66604838243236
93.8,292999999999.99963,3.5826855188875645e-10,0.00032758756806842233,204.8552091596298,181.71323027652087
93.9,306500000000.0008,3.7015146922921666e-10,0.0003189644868525923,204.881341944605,181.75958628218245
94.0,320000000000.0,3.826544148739072e-10,0.000310571,204.906,181.80332909502044
94.1,325999999999.99963,3.958701585337093e-10,0.00030240423818585856,204.92842372338484,181.8431117796058
94.2,332000000000.0002,4.0979844753149225e-10,0.0002944586009571812,204.94884654877853,181.8793488763801
94.3,337999999999.9998,4.2439920973914223e-10,0.00028672780507893046,204.96775016931232,181.91289529475247
94.4,344000000000.00037,4.3961214756986874e-10,0.00027920556731606927,204.9856162781176,181.9446059441321
94.5,350000000000.0,4.553553366232383e-10,0.0002718856044335604,205.00292656832545,181.97533573392812
94.6,355999999999.99963,4.715238372723971e-10,0.0002647616331963668,205.02016273306734,182.00593957354968
94.7,362000000000.0002,4.879883197263262e-10,0.0002578273703694511,205.03780646547446,182.037272372406
94.8,367999999999.9998,5.045937030957364e-10,0.0002510765327177761,205.0563394586781,182.07018903990618
94.9,374000000000.00037,5.211578089868226e-10,0.0002445028370063048,205.0762434058095,182.1055444854594
95.0,380000000000.0,5.374700301425756e-10,0.0002381,205.09799999999998,182.14419361847487
95.1,385999999999.99963,5.533380953894918e-10,0.0002318622269168114,205.12197750036182,182.18679020989273
95.2,392000000000.0002,5.68745863586007e-10,0.00022578567678663736,205.14809042993102,182.2331834767775
95.3,397999999999.9998,5.837346618668013e-10,0.0002198669970923631,205.17613987772472,182.28302149772446
95.4,404000000000.00037,5.983594825991591e-10,0.00021410283531687386,205.20592693275998,182.3359523513292
95.5,410000000000.0,6.126896382292387e-10,0.00020848983894305493,205.23725268405377,182.3916241161871
95.6,415999999999.99963,6.268094080036692e-10,0.00020302465545379164,205.26991822062337,182.4496848708937
95.7,422000000000.0002,6.408186763183726e-10,0.00019770393233196925,205.30372463148572,182.5097826940444
95.8,427999999999.9998,6.54833562449106e-10,0.00019252431706047294,205.3384730056579,182.57156566423458
95.9,434000000000.00037,6.689870414208919e-10,0.0001874824571221881,205.37396443215692,182.6346818600598
96.0,440000000000.0,6.834295557762253e-10,0.000182575,205.41000000000003,182.69877936011545
96.1,442499999999.9998,6.982970258930924e-10,0.00017779843814689564,205.44634627516803,182.76344414772242
96.2,445000000000.00006,7.13605354446839e-10,0.0001731486438962694,205.48263173149758,182.82801382510286
96.3,447499999999.99994,7.293338504274998e-10,0.00016862133455161724,205.518450319789,182.89176389920425
96.4,450000000000.0002,7.454555019166418e-10,0.00016421222741643538,205.55339599084277,182.95396987697416
96.5,452500000000.0,7.619366949446732e-10,0.00015991703979421982,205.58706269545937,183.01390726536007
96.6,454999999999.9998,7.787369363405746e-10,0.00015573148898846665,205.61904438443923,183.07085157130965
96.7,457500000000.00006,7.95808580679162e-10,0.00015165129230267205,205.6489350085828,183.12407830177034
96.8,459999999999.99994,8.130965614297101e-10,0.00014767216704033196,205.67632851869047,183.17286296368968
96.9,462500000000.0002,8.305381264084375e-10,0.00014378983050494258,205.70081886556272,183.21648106401517
97.0,465000000000.0,8.480625776359861e-10,0.00014000000000000001,205.72199999999998,183.25420810969445
97.1,467499999999.9998,8.656109087942454e-10,0.00013629894449560597,205.73972339896613,183.2857786545728
97.2,470000000000.00006,8.831995307834105e-10,0.0001326851396282852,205.75487064407898,183.3127634400871
97.3,472499999999.99994,9.008680287561562e-10,0.00012915761270116798,205.7685808431195,183.3371922545719
97.4,475000000000.0002,9.186604407406304e-10,0.00012571539101738477,205.78199310386904,183.36109488636185
97.5,477500000000.0,9.36625370922902e-10,0.0001223575018800659,205.79624653410866,183.38650112379165
97.6,479999999999.9998,9.548161005002425e-10,0.00011908297259234174,205.81248024161965,183.41544075519596
97.7,482500000000.00006,9.732906960618554e-10,0.00011589083045734273,205.83183333418313,183.4499435689093
97.8,484999999999.99994,9.921121154544322e-10,0.00011278010277819916,205.8554449195802,183.49203935326642
97.9,487500000000.0002,1.01134831109065e-09,0.00010974981685804148,205.88445410559208,183.5437578966019
98.0,490000000000.0,1.0310723306595408e-09,0.00010679900000000002,205.92,183.6071289872504
98.1,489500000000.0,1.0513504913527788e-09,0.0001039267038706805,205.96245512896735,183.68281630449707
98.2,489000000000.0,1.0722044821640225e-09,0.00010113207759058995,206.00912569218676,183.76601909142911
98.3,488500000000.0,1.0936432724639755e-09,9.84142946437109e-05,206.0565513077331,183.85057048208424
98.4,488000000000.0,1.1156744289870338e-09,9.577252851402567e-05,206.1012715936812,183.9303036105001
98.5,487500000000.0,1.1383040576469015e-09,9.32059526855167e-05,206.13982616810588,183.99905161071436
98.6,487000000000.0,1.1615367463262617e-09,9.07137406421664e-05,206.1687546490822,184.0506476167648
98.7,486500000000.0,1.1853755086608617e-09,8.82950658679571e-05,206.18459665468484,184.07892476268907
98.8,486000000000.0,1.2098217288380165e-09,8.594910184687136e-05,206.1838918029888,184.07771618252485
98.9,485500000000.0,1.2348751074292289e-09,8.367502206289153e-05,206.16317971206885,184.04085501030985
99.0,485000000000.0,1.2605336082762848e-09,8.147200000000001e-05,206.11899999999997,183.96217438008176
99.1,484500000000.0,1.2867997190695746e-09,7.933881722167213e-05,206.0490360851644,183.83754914172596
99.2,484000000000.0,1.3137003660732594e-09,7.727268760935495e-05,205.95554658717404,183.67102100851815
99.3,483500000000.0,1.3412697503532375e-09,7.527043312398847e-05,205.8419339259483,183.46867340958187
99.4,483000000000.0,1.3695432957886943e-09,7.332887572651265e-05,205.71160052140644,183.23658977404048
99.5,482500000000.0,1.3985576550299985e-09,7.144483737786742e-05,205.56794879346776,182.9808535310174
99.6,482000000000.0,1.4283507148713222e-09,6.961514003899282e-05,205.4143811620517,182.70754810963612
99.7,481500000000.0,1.458961601034399e-09,6.78366056708288e-05,205.25430004707755,182.42275693902005
99.8,481000000000.0,1.4904306823599903e-09,6.610605623431533e-05,205.0911078684647,182.13256344829261
99.9,480500000000.0,1.52279957440382e-09,6.442031369039242e-05,204.92820704613237,181.8430510665772
100.0,480000000000.0,1.5561111424338994e-09,6.27762e-05,204.769,181.56030322299733
100.1,475000000000.00024,1.5904055984950228e-09,6.117099074263101e-05,204.61617153037503,181.2891202402271
100.2,469999999999.9998,1.6257082260874317e-09,5.9603775971990194e-05,204.469535959117,181.0291700151437
100.3,465000000000.0002,1.6620401045095383e-09,5.8074099360335254e-05,204.3281899884739,180.77883733817515
100.4,459999999999.99976,1.6994218520192358e-09,5.658150457992384e-05,204.19123032069334,180.5365069997493
100.5,455000000000.0,1.7378736030324828e-09,5.5125535303013645e-05,204.0577536580231,180.300563790294
100.6,450000000000.00024,1.7774149856572516e-09,5.370573520186235e-05,203.9268567027111,180.06939250023734
100.7,444999999999.9998,1.8180650995697085e-09,5.2321647948727654e-05,203.79763615700497,179.84137792000712
100.8,440000000000.0002,1.8598424942393685e-09,5.097281721586725e-05,203.6691887231526,179.61490484003133
100.9,434999999999.99976,1.9027651475098337e-09,4.96587866755388e-05,203.54061110340166,179.38835805073788
101.0,430000000000.0,1.9468504445416617e-09,4.83791e-05,203.41100000000003,179.16012234255473
101.1,425000000000.00024,1.992118983050083e-09,4.7133220507803786e-05,203.27963879333578,178.92891664101475
101.2,419999999999.9998,2.0386065193671374e-09,4.59202901026842e-05,203.146557576358,178.694796412071
101.3,415000000000.0002,2.0863533329933773e-09,4.473937033467053e-05,203.01197312015648,178.45815125678163
101.4,409999999999.99976,2.135400518081943e-09,4.358952275379204e-05,202.87610219582064,178.21937077620458
101.5,405000000000.0,2.185789979105661e-09,4.2469808910078016e-05,202.73916157443998,177.9788445713979
101.6,400000000000.00024,2.237564426100815e-09,4.1379290353557744e-05,202.60136802710417,177.7369622434197
101.7,394999999999.9999,2.290767369487597e-09,4.031702863426053e-05,202.46293832490272,177.494113393328
101.8,390000000000.0001,2.345443114467419e-09,3.928208530221565e-05,202.32408923892515,177.25068762218092
101.9,384999999999.99976,2.401636754997329e-09,3.8273521907452366e-05,202.18503754026105,177.0070745310364
102.0,380000000000.0,2.4593941673419576e-09,3.72904e-05,202.046,176.7636637209526
102.1,375000000000.00024,2.518762165394064e-09,3.6331877726153784e-05,201.90716129628223,176.52078609958295
102.2,369999999999.9999,2.5797889984615718e-09,3.539749961727293e-05,201.768577735451,176.2785378009627
102.3,365000000000.0001,2.6425238895660857e-09,3.448690680098262e-05,201.6302735309004,176.03695626572264
102.4,359999999999.99976,2.7070168701436734e-09,3.359974040490802e-05,201.49227289602445,175.7960789344933
102.5,355000000000.0,2.7733187718828978e-09,3.2735641556674286e-05,201.354600044217,175.55594324790547
102.6,350000000000.00024,2.8414812181144592e-09,3.1894251383906614e-05,201.21727918887228,175.3165866465899
102.7,344999999999.9999,2.9115566147535988e-09,3.1075211014230174e-05,201.08033454338417,175.07804657117723
102.8,340000000000.0001,2.98359814079658e-09,3.0278161575270145e-05,200.94379032114676,174.8403604622981
102.9,334999999999.99976,3.057659738372612e-09,2.9502744194651693e-05,200.807670735554,174.60356576058328
103.0,330000000000.0,3.1337961023528198e-09,2.87486e-05,200.67199999999997,174.36769990666346
103.1,325000000000.00024,3.21206360509392e-09,2.8015239387581036e-05,200.5367480215354,174.13270798014537
103.2,319999999999.9999,3.2925231876233844e-09,2.7301649828224015e-05,200.40166748183788,173.8981656165399
103.3,315000000000.0001,3.375237709359835e-09,2.6606688061398973e-05,200.26645675624192,173.66355609033423
103.4,309999999999.99976,3.460271025574071e-09,2.5929210826575902e-05,200.1308142200818,173.42836267601515
103.5,305000000000.0,3.5476879759770748e-09,2.5268074863224827e-05,199.99443824869186,173.19206864806978
103.6,300000000000.00024,3.6375543727176526e-09,2.462213691081576e-05,199.85702721740665,172.95415728098513
103.7,294999999999.9999,3.729936987791767e-09,2.3990253708818727e-05,199.71827950156046,172.71411184924818
103.8,290000000000.0001,3.824903539865855e-09,2.3371281996703753e-05,199.5778934764877,172.4714156273459
103.9,284999999999.99976,3.922522680516538e-09,2.2764078513940833e-05,199.43556751752274,172.22555188976534
104.0,280000000000.0,4.0228639798893884e-09,2.2167500000000004e-05,199.29099999999997,171.97600391099348
104.1,276000000000.00024,4.125998889438121e-09,2.158068202352205e-05,199.14399261757617,171.72243287538336
104.2,271999999999.9999,4.232003749312242e-09,2.1003875469830963e-05,198.99476033719733,171.46521160675192
104.3,268000000000.0001,4.340956996902676e-09,2.0437610053421493e-05,198.84362144413203,171.2048908387823
104.4,263999999999.9998,4.4529381954768014e-09,1.988241548878839e-05,198.6908942236486,170.94202130515737
104.5,260000000000.0,4.568028017314245e-09,1.9338821490426418e-05,198.53689696101543,170.67715373956025
104.6,256000000000.0002,4.686308226132054e-09,1.8807357772830325e-05,198.3819479415011,170.410838875674
104.7,251999999999.9999,4.807861658802952e-09,1.8288554050494887e-05,198.22636545037392,170.1436274471815
104.8,248000000000.0001,4.932772206370798e-09,1.7782940037914846e-05,198.0704677729024,169.87607018776586
104.9,243999999999.9998,5.061124794367368e-09,1.7291045449584964e-05,197.91457319435492,169.6087178311101
105.0,240000000000.0,5.1930053624350084e-09,1.6813400000000004e-05,197.759,169.34212111089727
105.1,236000000000.0002,5.3285069882868215e-09,1.635035221833074e-05,197.6039905081599,169.07670005773852
105.2,231999999999.9999,5.467748809434022e-09,1.590152589245211e-05,197.4494831693726,168.8123518899581
105.3,228000000000.0001,5.610858454896184e-09,1.5466363624915064e-05,197.29534046723,168.54884312280848
105.4,223999999999.9998,5.757966002719867e-09,1.504430801827055e-05,197.14142488532397,168.28594027154193
105.5,220000000000.0,5.909203953890448e-09,1.4634801675069516e-05,196.9875989072463,168.02340985141095
105.6,216000000000.0002,6.064707204740604e-09,1.423728719786292e-05,196.833725016589,167.76101837766794
105.7,211999999999.9999,6.2246130178623724e-09,1.385120718920172e-05,196.67966569694383,167.4985323655653
105.8,208000000000.0001,6.389060991530381e-09,1.3476004251636867e-05,196.52528343190272,167.23571833035547
105.9,203999999999.9998,6.558193027644013e-09,1.3111120987719308e-05,196.37044070505743,166.9723427872908
106.0,200000000000.0,6.732153298197078e-09,1.2756000000000001e-05,196.21500000000003,166.70817225162378
106.1,195500000000.00024,6.9111000437216126e-09,1.2410145163154973e-05,196.05888334978428,166.44307313013294
106.2,190999999999.99988,7.095241917776654e-09,1.2073305440360588e-05,195.90225098531226,166.1773113957017
106.3,186500000000.00012,7.284803985710772e-09,1.1745291066918259e-05,195.74532268694804,165.91125291273963
106.4,181999999999.99976,7.480016062573611e-09,1.1425912278129422e-05,195.5883182350557,165.6452635456563
106.5,177500000000.0,7.681112661022443e-09,1.1114979309295524e-05,195.43145740999933,165.37970915886126
106.6,173000000000.00024,7.88833293636653e-09,1.0812302395717979e-05,195.27495999214307,165.11495561676412
106.7,168499999999.99988,8.101920628765323e-09,1.0517691772698228e-05,195.11904576185088,164.8513687837745
106.8,164000000000.00012,8.322124002597891e-09,1.0230957675537688e-05,194.96393449948695,164.58931452430178
106.9,159499999999.99976,8.549195783021286e-09,9.9519103395378e-06,194.8098459854153,164.32915870275573
107.0,155000000000.0,8.783393089736986e-09,9.680360000000002e-06,194.65700000000004,164.07126718354584
107.1,150500000000.00024,9.024943464031737e-09,9.416129909049358e-06,194.5054580927032,163.8157437691649
107.2,145999999999.99988,9.27394081877442e-09,9.159095386105557e-06,194.35464888937858,163.56164401443837
107.3,141500000000.00012,9.530443128951797e-09,8.909144767411909e-06,194.20384278497812,163.30776141227494
107.4,136999999999.99976,9.794505734650734e-09,8.666166389211741e-06,194.05231017445348,163.05288945558326
107.5,132500000000.0,1.0066181309756243e-08,8.430048587748387e-06,193.89932145275648,162.79582163727196
107.6,128000000000.00024,1.0345519831705063e-08,8.200679699265155e-06,193.74414701483903,162.5353514502499
107.7,123499999999.99986,1.0632568552300421e-08,7.977948060005386e-06,193.58605725565286,162.27027238742554
107.8,119000000000.00014,1.0927371969593769e-08,7.76174200621238e-06,193.42432257014974,161.99937794170762
107.9,114499999999.99976,1.1229971800838534e-08,7.5519498741294765e-06,193.25821335328152,161.72146160600488
108.0,110000000000.0,1.1540406956520944e-08,7.348460000000001e-06,193.08700000000002,161.4353168732259
108.1,108000000000.0001,1.1858704041277522e-08,7.15110507064759e-06,192.9105242794032,161.1406821709223
108.2,105999999999.99995,1.2184848340119032e-08,6.9594951752172055e-06,192.73091345717353,160.8410756652171
108.3,104000000000.00005,1.2518811232510525e-08,6.7731847534341136e-06,192.55086617313984,160.54096045687626
108.4,101999999999.9999,1.2860559518668903e-08,6.591728245023593e-06,192.37308106713067,160.24479964666565
108.5,100000000000.0,1.3210055416304418e-08,6.41468008971093e-06,192.20025677897485,159.9570563353513
108.6,98000000000.0001,1.3567256559388654e-08,6.241594727221385e-06,192.03509194850105,159.6821936236991
108.7,95999999999.99994,1.3932115998945073e-08,6.07202659728025e-06,191.88028521553798,159.42467461247503
108.8,94000000000.00006,1.4304582205857867e-08,5.905530139612785e-06,191.7385352199143,159.18896240244493
108.9,91999999999.9999,1.4684599075693741e-08,5.7416597939442755e-06,191.61254060145873,158.9795200943748
109.0,90000000000.0,1.5072105935531275e-08,5.57997e-06,191.505,158.80081078903055
109.1,88000000000.0001,1.5467040057756545e-08,5.420139548360275e-06,191.41771678968428,158.65581269114793
109.2,85999999999.99994,1.5869344319635227e-08,5.262344633025628e-06,191.34891328192742,158.54156442134186
109.3,84000000000.00006,1.6278959933203862e-08,5.10688579885164e-06,191.29591652246287,158.45361970419708
109.4,81999999999.9999,1.669582398365567e-08,4.954063590693867e-06,191.25605355702402,158.38753226429824
109.5,80000000000.0,1.711986944073512e-08,4.8041785534078965e-06,191.22665143134424,158.33885582623014
109.6,78000000000.0001,1.755102517187685e-08,4.65753123184929e-06,191.20503719115692,158.30314411457746
109.7,75999999999.99994,1.7989215957081104e-08,4.514422170873622e-06,191.18853788219545,158.27595085392488
109.8,74000000000.00006,1.8434362505518022e-08,4.375151915336474e-06,191.17448055019324,158.2528297688572
109.9,71999999999.9999,1.8886381473852088e-08,4.240021010093406e-06,191.16019224088365,158.2293345839591
110.0,70000000000.0,1.9345185486277616e-08,4.109330000000001e-06,191.14300000000003,158.20101902381526
110.1,68500000000.00009,1.9810672270895453e-08,3.9832931059112985e-06,191.1207905618599,158.16436791730868
110.2,66999999999.999954,2.0282691511068027e-08,3.861779252680261e-06,191.09368941511687,158.11959051051522
110.3,65500000000.000046,2.0761076634849428e-08,3.7445710411593273e-06,191.06238173700885,158.06782715380913
110.4,63999999999.99991,2.1245655622274465e-08,3.631451072200922e-06,191.02755270477337,158.01021819756443
110.5,62500000000.0,2.1736251060005856e-08,3.5222019466574864e-06,190.98988749564828,157.9479039921553
110.6,61000000000.00009,2.223268019846195e-08,3.4166062653814496e-06,190.9500712868714,157.88202488795594
110.7,59499999999.999954,2.2734755011402128e-08,3.314446629225247e-06,190.90878925568035,157.8137212353404
110.8,58000000000.000046,2.3242282257947216e-08,3.215505639041318e-06,190.86672657931294,157.74413338468293
110.9,56499999999.99991,2.3755063547010377e-08,3.119565895682089e-06,190.82456843500694,157.6744016863576
111.0,55000000000.0,2.4272895404113935e-08,3.0264100000000006e-06,190.78300000000007,157.60566649073854
111.1,53500000000.00009,2.4795580249149395e-08,2.935849377994524e-06,190.7425819628764,157.53886053252052
111.2,51999999999.999954,2.5322959648749024e-08,2.8478107562533096e-06,190.70337705760514,157.4740860836802
111.3,50500000000.000046,2.585488244841571e-08,2.7622496865110527e-06,190.66532352950213,157.4112378005151
111.4,48999999999.999916,2.6391194027263565e-08,2.6791217205024374e-06,190.62835962388277,157.35021033932244
111.5,47500000000.0,2.6931736347722177e-08,2.5983824099621612e-06,190.59242358606278,157.29089835639957
111.6,46000000000.000084,2.7476348006733686e-08,2.519987306624909e-06,190.5574536613578,157.23319650804393
111.7,44499999999.999954,2.8024864288424437e-08,2.4438919622253754e-06,190.52338809508342,157.1769994505528
111.8,43000000000.000046,2.857711721823268e-08,2.370051928498254e-06,190.49016513255523,157.12220184022357
111.9,41499999999.999916,2.9132935618472948e-08,2.29842275717823e-06,190.45772301908892,157.06869833335355
112.0,40000000000.0,2.9692145165317626e-08,2.22896e-06,190.42600000000004,157.0163835862401
112.1,39000000000.00005,3.0254565449654685e-08,2.1616172021106023e-06,190.394874586635,156.96505489354053
112.2,37999999999.99997,3.0820000935377306e-08,2.096339882306488e-06,190.3639863544627,156.914120103352
112.3,37000000000.00003,3.138824982614495e-08,2.0330715527964627e-06,190.33291514498316,156.86288970213175
112.4,35999999999.99995,3.1959107105958316e-08,1.9717557257893213e-06,190.30124079969593,156.81067417633685
112.5,35000000000.0,3.253236461133002e-08,1.9123359134938715e-06,190.26854316010085,156.75678401242445
112.6,34000000000.000057,3.310781110492042e-08,1.8547556281189097e-06,190.23440206769777,156.70052969685185
112.7,32999999999.999973,3.368523235061256e-08,1.7989583818732395e-06,190.19839736398632,156.64122171607602
112.8,32000000000.000027,3.426441119000076e-08,1.7448876869656652e-06,190.1601088904664,156.57817055655423
112.9,30999999999.999943,3.484512762026604e-08,1.6924870556049838e-06,190.11911648863773,156.5106867047436
113.0,30000000000.0,3.542715887341162e-08,1.6417000000000003e-06,190.07500000000002,156.43808064710126
113.1,29000000000.000057,3.601027547199828e-08,1.5924690935630637e-06,190.02770069058406,156.36025661035626
113.2,27999999999.999973,3.659422911100965e-08,1.5447331545207273e-06,189.9786055245441,156.27949378232483
113.3,27000000000.000027,3.71787646010726e-08,1.4984300623030969e-06,189.92946289056562,156.1986650910952
113.4,25999999999.999943,3.7763623957420255e-08,1.4534976963402705e-06,189.88202117733377,156.12064346475535
113.5,25000000000.0,3.83485464973934e-08,1.4098739360623545e-06,189.83802877353392,156.04830183139347
113.6,24000000000.000057,3.893326893933113e-08,1.3674966608994492e-06,189.79923406785136,155.98451311909776
113.7,22999999999.999973,3.9517525502815944e-08,1.3263037502816577e-06,189.76738544897137,155.93215025595623
113.8,22000000000.000027,4.010104801023952e-08,1.2862330836390852e-06,189.74423130557935,155.89408617005708
113.9,20999999999.999943,4.06835659896535e-08,1.2472225404018309e-06,189.73152002636044,155.87319378948837
114.0,20000000000.0,4.1264806778870363e-08,1.20921e-06,189.73100000000005,155.87234604233828
114.1,19750000000.000015,4.1844450973491563e-08,1.1721439076371413e-06,189.74383565102914,155.89345645436097
114.2,19499999999.999996,4.242199738991535e-08,1.1360149716105947e-06,189.76885554736091,155.93460094197457
114.3,19250000000.000004,4.2996895154899186e-08,1.1008244659911501e-06,189.8043042927547,155.9928960192635
114.4,18999999999.999985,4.35685883072283e-08,1.0665736648495923e-06,189.84842649096925,156.06545820031187
114.5,18750000000.0,4.413651604459843e-08,1.0332638422567107e-06,189.89946674576365,156.14940399920397
114.6,18500000000.000015,4.4700112973356773e-08,1.000896272283292e-06,189.95566966089703,156.24184993002413
114.7,18249999999.999996,4.525880936100951e-08,9.694722290001232e-07,190.0152798401283,156.33991250685654
114.8,18000000000.000004,4.5812031391404806e-08,9.389929864779943e-07,190.0765418872166,156.44070824378545
114.9,17749999999.999985,4.635920142249771e-08,9.0945981878769e-07,190.1377004059208,156.54135365489518
115.0,17500000000.0,4.68997382466035e-08,8.80874e-07,190.19700000000003,156.63896525426992
115.1,17250000000.000015,4.7433113411072936e-08,8.532311058883703e-07,190.25305470529986,156.73126637589905
115.2,16999999999.999994,4.795902085980483e-08,8.265039190368883e-07,190.3059562860123,156.81840763339213
115.3,16750000000.000006,4.847721105221329e-08,8.006595237323024e-07,190.35616593841607,156.901146460264
115.4,16499999999.999987,4.898743530842378e-08,7.756650042613574e-07,190.40414485878964,156.98024029002923
115.5,16250000000.0,4.948944590332051e-08,7.51487444910802e-07,190.45035424341162,157.0564465562026
115.6,16000000000.000013,4.998299616065852e-08,7.28093929967382e-07,190.49525528856077,157.13052269229885
115.7,15749999999.999994,5.046784054721034e-08,7.054515437178444e-07,190.53930919051552,157.20322613183262
115.8,15500000000.000006,5.094373476691734e-08,6.835273704489375e-07,190.58297714555462,157.2753143083187
115.9,15249999999.999987,5.141043585501491e-08,6.622884944474067e-07,190.6267203499566,157.34754465527175
116.0,15000000000.0,5.186770227210199e-08,6.417020000000001e-07,190.67100000000005,157.42067460620643
116.1,14500000000.000029,5.231531769314845e-08,6.217379718093765e-07,190.7161875277717,157.49531439036738
116.2,13999999999.999987,5.275316258438803e-08,6.02378496241848e-07,190.76229530858987,157.5714854199181
116.3,13500000000.000013,5.318114387436613e-08,5.836086600796402e-07,190.80924595358135,157.64906190275224
116.4,12999999999.999971,5.3599171379789987e-08,5.654135501049759e-07,190.85696207387252,157.7279180467631
116.5,12500000000.0,5.4007157822323754e-08,5.477782531000812e-07,190.90536628058993,157.80792805984424
116.6,12000000000.000029,5.44050188445492e-08,5.306878558471795e-07,190.9543811848602,157.88896614988911
116.7,11499999999.999987,5.4792673025090444e-08,5.141274451284959e-07,191.00392939780977,157.9709065247912
116.8,11000000000.000013,5.5170041892902945e-08,4.980821077262554e-07,191.0539335305653,158.05362339244388
116.9,10499999999.999971,5.553704994072556e-08,4.825369304226816e-07,191.1043161942532,158.13699096074077
117.0,10000000000.0,5.589362463769572e-08,4.674770000000001e-07,191.15500000000003,158.22088343757514
117.1,9500000000.000029,5.623969095861675e-08,4.528876778741228e-07,191.20589618361385,158.3051554041237
117.2,8999999999.999987,5.657515488027014e-08,4.387554239957165e-07,191.25687047962833,158.38958293469497
117.3,8500000000.000014,5.6899919729650086e-08,4.2506697294913685e-07,191.30777724725888,158.4739224768808
117.4,7999999999.999971,5.7213891675949134e-08,4.1180905931873713e-07,191.3584708457206,158.5579304782728
117.5,7500000000.0,5.751697975696137e-08,3.989684176888732e-07,191.40880563422877,158.64136338646279
117.6,7000000000.000029,5.780909590474687e-08,3.865317826438992e-07,191.4586359719987,158.7239776490425
117.7,6499999999.999986,5.8090154970551754e-08,3.744858887681699e-07,191.5078162182455,158.80552971360356
117.8,6000000000.000014,5.836007474897748e-08,3.628174706460408e-07,191.55620073218452,158.8857760277378
117.9,5499999999.999971,5.861877600139403e-08,3.515132628618657e-07,191.60364387303093,158.96447303903687
118.0,5000000000.0,5.886618247859138e-08,3.405600000000001e-07,191.64999999999998,159.04137719509256
118.1,4750000000.000014,5.91021995880148e-08,3.2994511069413165e-07,191.6952597377732,159.1164723388449
118.2,4499999999.999993,5.93266501853583e-08,3.196587997752835e-07,191.73995877289676,159.19065189462688
118.3,4250000000.000007,5.953933840069748e-08,3.096919661238126e-07,191.7847690573833,159.26503668212007
118.4,3999999999.9999857,5.97400710381492e-08,3.000355086200744e-07,191.8303625432452,159.34074752100577
118.5,3750000000.0,5.992865766523315e-08,2.9068032614442597e-07,191.87741118249497,159.41890523096546
118.6,3500000000.0000143,6.010491070165763e-08,2.8161731757722327e-07,191.92658692714522,159.50063063168056
118.7,3249999999.999993,6.026864550749727e-08,2.7283738179882277e-07,191.97856172920828,159.58704454283242
118.8,3000000000.000007,6.041968047073195e-08,2.643314176895814e-07,192.0340075406968,159.67926778410248
118.9,2749999999.9999857,6.055783709411448e-08,2.560903241298548e-07,192.0935963136232,159.77842117517218
119.0,2500000000.0,6.068294008133584e-08,2.48105e-07,192.158,159.88562553572285
119.1,2250000000.0000143,6.079481342025814e-08,2.4036675234935006e-07,192.22766486529346,160.0016261202975
119.2,1999999999.9999928,6.089326844771904e-08,2.3286852090314766e-07,192.30213442878446,160.12566592288482
119.3,1750000000.0000072,6.097811592274647e-08,2.2560365355561282e-07,192.380726523208,160.25661237233524
119.4,1499999999.9999857,6.104917012107613e-08,2.185654982009645e-07,192.46275898129863,160.3933328974989
119.5,1250000000.0,6.11062489306058e-08,2.1174740273342296e-07,192.54754963579126,160.5346949272262
119.6,1000000000.0000142,6.114917394597252e-08,2.0514271504720737e-07,192.63441631942058,160.6795658903675
119.7,749999999.9999928,6.117777056221676e-08,1.9874478303653756e-07,192.7226768649213,160.82681321577294
119.8,500000000.0000071,6.119186806749873e-08,1.925469545956335e-07,192.81164910502835,160.9753043322929
119.9,249999999.99998578,6.119129973483093e-08,1.8654257761871427e-07,192.9006508724763,161.12390666877764
120.0,0.0,6.117759135327453e-08,1.8072500000000003e-07,192.98899999999998,161.27148765407748
120.1,0.0,6.115211646195274e-08,1.7508785890846756e-07,193.07615580105315,161.41714951786605
120.2,0.0,6.111394598504044e-08,1.6962594861212444e-07,193.16214351196524,161.56093369311012
120.3,0.0,6.106199741325463e-08,1.6433435265373603e-07,193.24712984978484,161.70311641359993
120.4,0.0,6.099518823731223e-08,1.592081545760668e-07,193.3312815315602,161.84397391312555
120.5,0.0,6.091243594793027e-08,1.5424243792188216e-07,193.41476527433997,161.98378242547713
120.6,0.0,6.081265803582565e-08,1.4943228623394684e-07,193.49774779517256,162.12281818444492
120.7,0.0,6.069477199171536e-08,1.4477278305502586e-07,193.58039581110634,162.261357423819
120.8,0.0,6.055769530631639e-08,1.4025901192788454e-07,193.6628760391899,162.39967637738954
120.9,0.0,6.040034547034566e-08,1.358860563952875e-07,193.74535519647165,162.53805127894663
121.0,0.0,6.022163997452015e-08,1.31649e-07,193.82800000000003,162.67675836228045
121.1,0.0,6.002070999573234e-08,1.275431584167794e-07,193.910952930494,162.8160342885016
121.2,0.0,5.97975414555767e-08,1.235647758483535e-07,193.9942595233545,162.9559574280021
121.3,0.0,5.9552333961823276e-08,1.1971032862944297e-07,194.07794107765292,163.09656657849445
121.4,0.0,5.928528712224198e-08,1.1597629309476768e-07,194.16201889246057,163.23790053769105
121.5,0.0,5.8996600544602865e-08,1.1235914557904834e-07,194.24651426684892,163.37999810330433
121.6,0.0,5.868647383667591e-08,1.0885536241700503e-07,194.3314484998894,163.52289807304692
121.7,0.0,5.835510660623108e-08,1.0546141994335815e-07,194.4168428906533,163.66663924463109
121.8,0.0,5.800269846103843e-08,1.0217379449282823e-07,194.50271873821217,163.81126041576942
121.9,0.0,5.7629449008867906e-08,9.898896240013533e-08,194.58909734163726,163.95680038417436
122.0,0.0,5.723555785748953e-08,9.590340000000002e-08,194.67600000000002,164.1032979475583
122.1,0.0,5.682149366861618e-08,9.291371732441465e-08,194.76340247697098,164.25071373152315
122.2,0.0,5.638880131973239e-08,9.001705919446075e-08,194.8510983946169,164.3986956732282
122.30000000000001,0.0,5.593929474226565e-08,8.721070412849197e-08,194.93883583960388,164.54681353772222
122.4,0.0,5.547478786764337e-08,8.449193064486214e-08,195.02636289859774,164.6946370900539
122.5,0.0,5.4997094627292976e-08,8.185801726192449e-08,195.1134276582645,164.84173609527198
122.6,0.0,5.450802895264195e-08,7.930624249803293e-08,195.19977820527012,164.98768031842522
122.7,0.0,5.4009404775117673e-08,7.6833884871541e-08,195.28516262628048,165.1320395245623
122.80000000000001,0.0,5.350303602614768e-08,7.443822290080243e-08,195.36932900796165,165.27438347873198
122.9,0.0,5.299073663715938e-08,7.211653510417101e-08,195.4520254369795,165.414281945983
123.0,0.0,5.247432053958017e-08,6.98661e-08,195.53300000000002,165.55130469136398
123.1,0.0,5.195553135046116e-08,6.768441378556186e-08,195.6122091616223,165.68537714483418
123.2,0.0,5.143583142934775e-08,6.556984337380305e-08,195.69044289817796,165.8178473959943
123.30000000000001,0.0,5.09166128214091e-08,6.352097335658869e-08,195.76869956393188,165.95041919935568
123.4,0.0,5.0399267571814283e-08,6.153638832578399e-08,195.8479775131487,166.08479630942938
123.5,0.0,4.9885187725732274e-08,5.961467287325375e-08,195.92927510009324,166.22268248072663
123.6,0.0,4.937576532833226e-08,5.775441159086323e-08,196.01359067903044,166.36578146775875
123.7,0.0,4.887239242478325e-08,5.5954189070477486e-08,196.1019226042248,166.51579702503682
123.80000000000001,0.0,4.837646106025435e-08,5.421258990396163e-08,196.19526922994143,166.67443290707217
123.9,0.0,4.788936327991466e-08,5.252819868318085e-08,196.2946289104449,166.8433928683759
124.0,0.0,4.74124911289332e-08,5.089960000000001e-08,196.40099999999998,167.02438066345923
124.1,0.0,4.694781675105311e-08,4.9325282933337806e-08,196.51504987654,167.21853730199135
124.2,0.0,4.6499632684313525e-08,4.7803354510326725e-08,196.63612201267128,167.42475281427303
124.30000000000001,0.0,4.607281156532769e-08,4.633182624515282e-08,196.76322890466892,167.64135448576317
124.4,0.0,4.567222603070882e-08,4.4908709652002154e-08,196.8953830488077,167.86666960192036
124.5,0.0,4.530274871707002e-08,4.353201624506053e-08,197.03159694136258,168.09902544820346
124.6,0.0,4.496925226102456e-08,4.219975753851409e-08,197.17088307860848,168.33674931007127
124.7,0.0,4.467660929918563e-08,4.0909945046548794e-08,197.31225395682023,168.57816847298247
124.80000000000001,0.0,4.4429692468166415e-08,3.966059028335067e-08,197.45472207227283,168.82161022239592
124.9,0.0,4.423337440458012e-08,3.8449704763105795e-08,197.59729992124113,169.06540184377025
125.0,0.0,4.409252774503993e-08,3.72753e-08,197.73899999999998,169.30787062256437
125.1,0.0,4.401147816685029e-08,3.6135587881086865e-08,197.8790363322179,169.54768476497534
125.2,0.0,4.3992363510080535e-08,3.50295817848898e-08,198.01742905113687,169.78487616015377
125.30000000000001,0.0,4.403677465549125e-08,3.3956495462799716e-08,198.1543998173926,170.01981761798874
125.4,0.0,4.4146302483843014e-08,3.291554266620757e-08,198.2901702916206,170.25288194836915
125.5,0.0,4.432253787589641e-08,3.1905937146504113e-08,198.42496213445648,170.48444196118402
125.6,0.0,4.456707171241201e-08,3.092689265508035e-08,198.55899700653586,170.7148704663224
125.7,0.0,4.48814948741504e-08,2.997762294332714e-08,198.69249656849428,170.9445402736732
125.80000000000001,0.0,4.526739824187216e-08,2.9057341762635408e-08,198.82568248096743,171.17382419312548
125.9,0.0,4.572637269633783e-08,2.8165262864396102e-08,198.95877640459082,171.40309503456817
126.0,0.0,4.626000911830805e-08,2.73006e-08,199.09199999999998,171.6327256078903
126.1,0.0,4.686888131266021e-08,2.6462575142314658e-08,199.22555579458856,171.86305909710623
126.2,0.0,4.7549494780739037e-08,2.5650443150113873e-08,199.3595697827812,172.0943201827313
126.30000000000001,0.0,4.829733794800612e-08,2.4863467103648066e-08,199.49414882576087,172.3267039194064
126.4,0.0,4.910789923992297e-08,2.4100910083167673e-08,199.62939978471005,172.56040536177227
126.5,0.0,4.997666708195124e-08,2.3362035168922986e-08,199.76542952081155,172.79561956446966
126.6,0.0,5.089912989955251e-08,2.2646105441164465e-08,199.90234489524823,173.03254158213943
126.7,0.0,5.187077611818829e-08,2.1952383980142497e-08,200.04025276920265,173.27136646942225
126.80000000000001,0.0,5.288709416332018e-08,2.1280133866107496e-08,200.17926000385765,173.512289280959
126.9,0.0,5.394357246040966e-08,2.0628618179309896e-08,200.31947346039584,173.7555050713904
127.0,0.0,5.503569943491847e-08,1.9997100000000002e-08,200.461,174.00120889535722
127.1,0.0,5.6159252086101906e-08,1.9384871649654454e-08,200.6038214894281,174.24937344406592
127.2,0.0,5.731116170839062e-08,1.8791342414654556e-08,200.74741981773835,174.49908195498506
127.30000000000001,0.0,5.848864817000907e-08,1.8215950822607832e-08,200.89115187956435,174.74919530214908
127.4,0.0,5.968893133918163e-08,1.7658135401121818e-08,201.03437456953947,174.9985743595922
127.5,0.0,6.09092310841329e-08,1.711733467780394e-08,201.17644478229735,175.2460800013487
127.6,0.0,6.214676727308726e-08,1.6592987180261758e-08,201.3167194124715,175.490573101453
127.7,0.0,6.339875977426916e-08,1.6084531436102755e-08,201.45455535469526,175.73091453393926
127.80000000000001,0.0,6.466242845590309e-08,1.5591405972934456e-08,201.58930950360232,175.96596517284186
127.9,0.0,6.593499318621338e-08,1.5113049318364394e-08,201.7203387538261,176.1945858921951
128.0,0.0,6.721367383342466e-08,1.4648900000000002e-08,201.84700000000004,176.4156375660332
128.1,0.0,6.849661613862146e-08,1.4198463259067511e-08,201.96917224769942,176.62890548379266
128.2,0.0,6.978566933432882e-08,1.3761511191267806e-08,202.08882294626565,176.83787259651825
128.3,0.0,7.108360852593197e-08,1.3337882605920475e-08,202.20844165598228,177.046946270657
128.4,0.0,7.239320881881609e-08,1.2927416312345088e-08,202.33051793713233,177.26053387265574
128.5,0.0,7.37172453183663e-08,1.2529951119861253e-08,202.45754134999922,177.48304276896152
128.6,0.0,7.5058493129968e-08,1.214532583778849e-08,202.5920014548662,177.71888032602126
128.7,0.0,7.641972735900627e-08,1.1773379275446403e-08,202.73638781201643,177.97245391028184
128.8,0.0,7.780372311086634e-08,1.1413950242154574e-08,202.89318998173337,178.24817088819032
128.9,0.0,7.921325549093341e-08,1.1066877547232572e-08,203.06489752430008,178.5504386261935
129.0,0.0,8.065109960459257e-08,1.0732000000000003e-08,203.25400000000002,178.88366449073845
129.1,0.0,8.21205171811959e-08,1.0409090504075497e-08,203.4621595197747,179.2508000161005
129.2,0.0,8.362671644596181e-08,1.009765834027416e-08,203.68772839719915,179.64897340786845
129.3,0.0,8.517539224807551e-08,9.79714688371018e-09,203.92823149650698,180.07385703945968
129.4,0.0,8.677223943672215e-08,9.506999509497744e-09,204.18119368193138,180.52112328429132
129.5,0.0,8.842295286108681e-08,9.226659592751057e-09,204.44413981770592,180.98644451578076
129.6,0.0,9.013322737035493e-08,8.955570508584267e-09,204.71459476806402,181.46549310734528
129.7,0.0,9.190875781371154e-08,8.693175632111575e-09,204.99008339723903,181.95394143240208
129.8,0.0,9.375523904034186e-08,8.438918338447177e-09,205.2681305694644,182.44746186436848
129.9,0.0,9.567836589943106e-08,8.192242002705249e-09,205.5462611489736,182.94172677666168
130.0,0.0,9.768383324016418e-08,7.95259e-09,205.822,183.43240854269905
130.1,0.0,9.977594042614756e-08,7.719480964630497e-09,206.09338367320203,183.91607284284586
130.2,0.0,1.0195340487867042e-07,7.492734567635517e-09,206.36049546493766,184.39285858525955
130.3,0.0,1.0421354853344306e-07,7.272245739238743e-09,206.62393035799008,184.86379798504575
130.4,0.0,1.0655369332617571e-07,7.057909409663847e-09,206.8842833351422,185.32992325730984
130.5,0.0,1.0897116119257853e-07,6.849620509134529e-09,207.14214937917714,185.79226661715742
130.6,0.0,1.1146327406836206e-07,6.647273967874433e-09,207.39812347287796,186.25186027969403
130.7,0.0,1.1402735388923634e-07,6.450764716107252e-09,207.65280059902753,186.70973646002508
130.8,0.0,1.1666072259091172e-07,6.259987684056667e-09,207.9067757404091,187.16692737325621
130.9,0.0,1.1936070210909838e-07,6.074837801946351e-09,208.16064387980558,187.62446523449282
131.0,0.0,1.2212461437950646e-07,5.89521e-09,208.41500000000002,188.0833822588405
131.1,0.0,1.249495611915493e-07,5.720991367402504e-09,208.67035978741742,188.5445807477481
131.2,0.0,1.2783176374945e-07,5.552037629183736e-09,208.9269217430502,189.00844334803799
131.3,0.0,1.3076722311113492e-07,5.3881966693348e-09,209.18480507153296,189.4752227928759
131.4,0.0,1.3375194033453006e-07,5.229316371846794e-09,209.44412897749987,189.94517181542747
131.5,0.0,1.3678191647756144e-07,5.0752446207108325e-09,209.7050126655856,190.41854314885845
131.6,0.0,1.398531525981556e-07,4.925829299917993e-09,209.9675753404245,190.89558952633467
131.7,0.0,1.4296164975423845e-07,4.780918293459389e-09,210.23193620665094,191.37656368102165
131.8,0.0,1.461034090037362e-07,4.6403594853261205e-09,210.4982144688994,191.86171834608518
131.9,0.0,1.4927443140457496e-07,4.504000759509287e-09,210.76652933180426,192.35130625469102
132.0,0.0,1.524707180146806e-07,4.371690000000001e-09,211.03700000000003,192.84558014000478
132.1,0.0,1.5568669056250404e-07,4.243280375759479e-09,211.30955117712858,193.34441946615783
132.2,0.0,1.5891045345859228e-07,4.118646195629513e-09,211.58332956286156,193.84621062114306
132.3,0.0,1.6212853178401703e-07,3.997667053422022e-09,211.8572873558785,194.34896672391926
132.4,0.0,1.6532745061984968e-07,3.880222542948922e-09,212.1303767548584,194.8507008934449
132.5,0.0,1.684937350471617e-07,3.766192258022142e-09,212.40154995848056,195.3494262486786
132.6,0.0,1.7161391014702513e-07,3.6554557924535833e-09,212.66975916542435,195.8431559085791
132.7,0.0,1.7467450100051122e-07,3.5478927400551693e-09,212.9339565743689,196.32990299210485
132.8,0.0,1.776620326886916e-07,3.4433826946388218e-09,213.19309438399358,196.80768061821445
132.9,0.0,1.8056303029263776e-07,3.341805250016457e-09,213.4461247929775,197.27450190586654
133.0,0.0,1.8336401889342114e-07,3.2430400000000004e-09,213.692,197.7283799740197
133.1,0.0,1.860564047921404e-07,3.1469895695595744e-09,213.93052850406863,198.1689494515519
133.2,0.0,1.886511191700008e-07,3.0536487082981933e-09,214.16494400550354,198.60233100701825
133.3,0.0,1.9116397442823444e-07,2.9630351969770857e-09,214.39933650495348,199.0362668188934
133.4,0.0,1.936107829680733e-07,2.875166816357476e-09,214.63779600306685,199.47849906565168
133.5,0.0,1.960073571907495e-07,2.7900613472005985e-09,214.8844125004923,199.93676992576772
133.6,0.0,1.9836950949749542e-07,2.707736570267668e-09,215.14327599787836,200.41882157771602
133.7,0.0,2.0071305228954298e-07,2.6282102663199145e-09,215.4184764958736,200.9323961999711
133.8,0.0,2.030537979681244e-07,2.5515002161185678e-09,215.71410399512664,201.48523597100748
133.9,0.0,2.054075589344717e-07,2.477624200424852e-09,216.0342484962859,202.08508306929966
134.0,0.0,2.0779014758981687e-07,2.4066e-09,216.38299999999998,202.73967967332203
134.1,0.0,2.102166249429097e-07,2.3384134760022197e-09,216.76308480659725,203.45421330021284
134.2,0.0,2.1269904643256837e-07,2.2729228111776996e-09,217.17177441512433,204.22365282176375
134.3,0.0,2.1524871610512902e-07,2.209954268669616e-09,217.60497662430797,205.04041244843023
134.4,0.0,2.178769380069272e-07,2.149334111621144e-09,218.05859923287443,205.89690639066754
134.5,0.0,2.2059501618429868e-07,2.0908886031754636e-09,218.5285500395504,206.78554885893104
134.6,0.0,2.2341425468357958e-07,2.0344440064757425e-09,219.01073684306238,207.69875406367618
134.7,0.0,2.2634595755110559e-07,1.9798265846651587e-09,219.5010674421368,208.62893621535818
134.8,0.0,2.294014288332126e-07,1.9268626008868903e-09,219.99544963550022,209.56850952443253
134.9,0.0,2.3259197257623622e-07,1.8753783182841103e-09,220.4897912218791,210.50988820135444
135.0,0.0,2.359288928265123e-07,1.8252000000000003e-09,220.98000000000002,211.44548645657926
135.1,0.0,2.3941273421344417e-07,1.7761826764315432e-09,221.46283926954268,212.36930260107135
135.2,0.0,2.430010036987031e-07,1.7282964469909974e-09,221.93849433399913,213.2816713478299
135.3,0.0,2.4664044882702796e-07,1.6815401783444352e-09,222.40800599781502,214.18451151036345
135.4,0.0,2.502778171431574e-07,1.6359127371579267e-09,222.87241506543552,215.07974190218005
135.5,0.0,2.5385985619182997e-07,1.5914129900975468e-09,223.3327623413062,215.96928133678801
135.6,0.0,2.5733331351778504e-07,1.5480398038293602e-09,223.7900886298724,216.85504862769577
135.7,0.0,2.6064493666576085e-07,1.5057920450194405e-09,224.24543473557947,217.73896258841143
135.8,0.0,2.637414731804963e-07,1.4646685803338598e-09,224.69984146287283,218.62294203244335
135.9,0.0,2.665696706067301e-07,1.4246682764386882e-09,225.15434961619786,219.50890577329972
136.0,0.0,2.690762764892008e-07,1.38579e-09,225.61,220.39877262448886
136.1,0.0,2.712253975033448e-07,1.348027408271606e-09,226.06765611523244,221.29414660980473
136.2,0.0,2.730505768473864e-07,1.3113533208583032e-09,226.52747224887918,222.19537259418348
136.3,0.0,2.746027168502478e-07,1.2757353479526332e-09,226.9894253844323,223.10248065284725
136.4,0.0,2.759327198408505e-07,1.2411410997471343e-09,227.4534925053836,224.01550086101778
136.5,0.0,2.7709148814811647e-07,1.20753818643435e-09,227.91965059522494,224.93446329391705
136.6,0.0,2.781299241009678e-07,1.1748942182068154e-09,228.38787663744836,225.85939802676705
136.7,0.0,2.790989300283262e-07,1.1431768052570725e-09,228.85814761554562,226.7903351347896
136.8,0.0,2.800494082591136e-07,1.1123535577776624e-09,229.33044051300877,227.7273046932067
136.9,0.0,2.8103226112225186e-07,1.082392085961124e-09,229.8047323133296,228.6703367772402
137.0,0.0,2.8209839094666276e-07,1.0532600000000001e-09,230.281,229.61946146211207
137.1,0.0,2.8328764707533054e-07,1.0249257854820315e-09,230.75907026952788,230.57437707392904
137.2,0.0,2.845956669074876e-07,9.973614295757834e-10,231.23816867048413,231.5334549423364
137.3,0.0,2.8600703485642897e-07,9.70539794845025e-10,231.717370464456,232.49473464786453
137.4,0.0,2.875063353354491e-07,9.44433743853525e-10,232.1957509130303,233.45625577104337
137.5,0.0,2.890781527578429e-07,9.190161391650541e-10,232.67238527779412,234.41605789240322
137.6,0.0,2.9070707153690544e-07,8.94259843343377e-10,233.14634882033442,235.3721805924743
137.7,0.0,2.9237767608593103e-07,8.70137718952264e-10,233.61671680223813,236.32266345178675
137.8,0.0,2.940745508182148e-07,8.466226285554842e-10,234.08256448509238,237.2655460508707
137.9,0.0,2.9578228014705125e-07,8.236874347168062e-10,234.542967130484,238.19886797025637
138.0,0.0,2.974854484857353e-07,8.01305e-10,234.997,239.1206687904739
138.1,0.0,2.9916107363888944e-07,7.794564528002675e-10,235.4445168066564,240.03063058131602
138.2,0.0,3.0075590697644627e-07,7.58155984838559e-10,235.88848506918424,240.93500536962466
138.3,0.0,3.022091332596662e-07,7.374260536672604e-10,236.33265075774392,241.84168767150456
138.4,0.0,3.034599372498095e-07,7.172891168387563e-10,236.7807598424953,242.75857200306015
138.5,0.0,3.0444750370813664e-07,6.977676319054339e-10,237.23655829359868,243.69355288039608
138.6,0.0,3.051110173959081e-07,6.788840564196754e-10,237.70379208121426,244.65452481961694
138.7,0.0,3.0538966307438406e-07,6.606608479338672e-10,238.18620717550195,245.64938233682724
138.8,0.0,3.052226255048249e-07,6.43120464000395e-10,238.68754954662214,246.68601994813162
138.9,0.0,3.045490894484909e-07,6.262853621716438e-10,239.21156516473476,247.77233216963447
139.0,0.0,3.033082396666427e-07,6.101779999999999e-10,239.76200000000006,248.91621351744044
139.1,0.0,3.0146325583943554e-07,5.948074753168974e-10,240.3413465038469,250.12295560619384
139.2,0.0,2.9907329732260466e-07,5.801294470699767e-10,240.94708305277888,251.38743844469707
139.3,0.0,2.962215183907808e-07,5.660862144859282e-10,241.57543450456873,252.70193914029238
139.4,0.0,2.929910733185942e-07,5.526200767914421e-10,242.22262571698866,254.05873480032176
139.5,0.0,2.894651163806756e-07,5.396733332132101e-10,242.8848815478112,255.45010253212752
139.6,0.0,2.8572680185165515e-07,5.271882829779201e-10,243.55842685480897,256.86831944305186
139.7,0.0,2.818592840061633e-07,5.151072253122637e-10,244.2394864957542,258.3056626404369
139.8,0.0,2.779457171188307e-07,5.033724594429313e-10,244.92428532841953,259.7544092316248
139.9,0.0,2.740692554642876e-07,4.919262845966129e-10,245.60904821057733,261.2068363239576
140.0,0.0,2.703130533171649e-07,4.80711e-10,246.29000000000002,262.65522102477746
140.1,0.0,2.667458617600515e-07,4.696796919321418e-10,246.96415417795652,264.09345170447557
140.2,0.0,2.6337881910737294e-07,4.588285948815316e-10,247.63167871970037,265.5218617856378
140.3,0.0,2.6020866048151386e-07,4.4816473038902316e-10,248.29353022398172,266.942395953899
140.4,0.0,2.572321210048584e-07,4.376951199954698e-10,248.95066528955044,268.3569988948938
140.5,0.0,2.5444593579979146e-07,4.2742678524172584e-10,249.60404051515667,269.76761529425715
140.6,0.0,2.518468399886969e-07,4.1736674766864306e-10,250.2546124995504,271.1761898376239
140.7,0.0,2.494315686939594e-07,4.075220288170755e-10,250.90333784148154,272.5846672106287
140.8,0.0,2.4719685703796335e-07,3.9789965022787687e-10,251.55117313970024,273.99499209890655
140.9,0.0,2.451394401430932e-07,3.885066334419003e-10,252.1990749929564,275.4091091880921
141.0,0.0,2.432560531317335e-07,3.7935e-10,252.84800000000004,276.8289631638201
141.1,0.0,2.4153350454777385e-07,3.704342659545352e-10,253.4987337843275,278.2561636603192
141.2,0.0,2.399188966211267e-07,3.6175392540389526e-10,254.1513780684199,279.6909801061924
141.3,0.0,2.3834940500320965e-07,3.5330096695797654e-10,254.80586359950487,281.1333468786367
141.4,0.0,2.3676220534544043e-07,3.4506737922667473e-10,255.46212112480984,282.58319835484866
141.5,0.0,2.350944732992368e-07,3.3704515081988663e-10,256.1200813915623,284.04046891202506
141.6,0.0,2.3328338451601644e-07,3.29226270347507e-10,256.7796751469898,285.50509292736314
141.7,0.0,2.312661146471969e-07,3.2160272641943247e-10,257.4408331383198,286.9770047780593
141.8,0.0,2.2897983934419615e-07,3.141665076455591e-10,258.10348611278,288.4561388413106
141.9,0.0,2.2636173425843162e-07,3.0690960263578275e-10,258.76756481759753,289.9424294943136
142.0,0.0,2.2334897504132143e-07,2.998240000000001e-10,259.4330000000001,291.43581111426516
142.1,0.0,2.198994483897657e-07,2.9290237124971714e-10,260.099614684734,292.9359394452339
142.2,0.0,2.160538851825966e-07,2.8614011950288583e-10,260.7668010066203,294.4413556987736
142.3,0.0,2.118737273441294e-07,2.795333307790688e-10,261.43384337799927,295.9503224533102
142.4,0.0,2.0742041679867884e-07,2.730780910978284e-10,262.1000262112106,297.4611022872692
142.5,0.0,2.0275539547056041e-07,2.6677048647872776e-10,262.7646339185944,298.9719577790763
142.6,0.0,1.979401052840885e-07,2.606066029413285e-10,263.4269509124908,300.4811515071575
142.7,0.0,1.9303598816357823e-07,2.5458252650519346e-10,264.08626160523943,301.98694604993807
142.8,0.0,1.8810448603334474e-07,2.4869434318988533e-10,264.74185040918064,303.4876039858439
142.9,0.0,1.8320704081770297e-07,2.429381390149665e-10,265.3930017366541,304.9813878933006
143.0,0.0,1.7840509444096833e-07,2.3731000000000003e-10,266.0390000000001,306.46656035073374
143.1,0.0,1.7375429655741462e-07,2.318068820465961e-10,266.6797274767372,307.9428227164628
143.2,0.0,1.6928712774115484e-07,2.2642922058456045e-10,267.3174579050992,309.41563146838047
143.3,0.0,1.6503027629626143e-07,2.2117832092574706e-10,267.95506288849873,310.8918818642736
143.4,0.0,1.6101043052680649e-07,2.160554883820096e-10,268.5954140303482,312.37846916192854
143.5,0.0,1.572542787368626e-07,2.1106202826520248e-10,269.24138293406037,313.8822886191319
143.6,0.0,1.537885092305015e-07,2.0619924588717883e-10,269.8958412030478,315.41023549367026
143.7,0.0,1.506398103117957e-07,2.014684465597928e-10,270.56166044072285,316.9692050433302
143.8,0.0,1.4783487028481745e-07,1.968709355948984e-10,271.24171225049827,318.5660925258982
143.9,0.0,1.4540037745363907e-07,1.9240801830434941e-10,271.93886823578646,320.20779319916085
144.0,0.0,1.4336302012233292e-07,1.88081e-10,272.65600000000006,321.90120232090453
144.1,0.0,1.4173711323657808e-07,1.8388972756389825e-10,273.39499740831786,323.6508926534998
144.2,0.0,1.4048747830848267e-07,1.7982821415887154e-10,274.15382337298337,325.4521469776515
144.3,0.0,1.3956656349176176e-07,1.7588901451794202e-10,274.92945906800645,327.2979255786488
144.4,0.0,1.3892681694013037e-07,1.7206468337413154e-10,275.7188856673968,329.1811887417802
144.5,0.0,1.3852068680730366e-07,1.683477754604624e-10,276.51908434516423,331.09489675233465
144.6,0.0,1.383006212469966e-07,1.6473084550995605e-10,277.32703627531856,333.0320098956013
144.7,0.0,1.3821906841292426e-07,1.612064482556346e-10,278.1397226318695,334.9854884568685
144.8,0.0,1.3822847645880182e-07,1.5776713843052014e-10,278.9541245888269,336.94829272142556
144.9,0.0,1.382812935383442e-07,1.544054707676345e-10,279.7672233202005,338.9133829745609
145.0,0.0,1.3832996780526658e-07,1.5111400000000004e-10,280.576,340.8737195015635
145.1,0.0,1.3833040720774792e-07,1.4788649869781088e-10,281.37806788999177,342.82373035623795
145.2,0.0,1.382523588718229e-07,1.447216107799528e-10,282.1735686029676,344.76371466645
145.3,0.0,1.3806902971799022e-07,1.4161919800248411e-10,282.9632758394759,346.6954393285817
145.4,0.0,1.3775362666674847e-07,1.38579122121463e-10,283.7479633000648,348.6206712390143
145.5,0.0,1.3727935663859634e-07,1.35601244892948e-10,284.52840468528285,350.5411772941295
145.6,0.0,1.3661942655403244e-07,1.32685428072997e-10,285.3053736956782,352.4587243903092
145.7,0.0,1.357470433335554e-07,1.298315334176684e-10,286.0796440317993,354.3750794239346
145.8,0.0,1.346354138976639e-07,1.270394226830205e-10,286.8519893941945,356.2920092913878
145.9,0.0,1.3325774516685648e-07,1.2430895762511155e-10,287.62318348341194,358.21128088905
146.0,0.0,1.3158724406163209e-07,1.2164e-10,288.39400000000006,360.1346611133029
146.1,0.0,1.2960714844011124e-07,1.1903219254485826e-10,289.1650570317153,362.0635611151496
146.2,0.0,1.273408199109041e-07,1.164843019213169e-10,289.93635021514643,363.9979690640775
146.3,0.0,1.2482165102024312e-07,1.1399487577212108e-10,290.70771957409045,365.9375173841957
146.4,0.0,1.2208303431436046e-07,1.1156246174001558e-10,291.4790051323442,367.8818384996129
146.5,0.0,1.191583623394887e-07,1.0918560746774567e-10,292.2500469137047,369.8305648344379
146.6,0.0,1.1608102764185977e-07,1.0686286059805593e-10,293.02068494196874,371.7833288127798
146.7,0.0,1.1288442276770609e-07,1.0459276877369149e-10,293.7907592409334,373.7397628587473
146.8,0.0,1.0960194026326009e-07,1.0237387963739739e-10,294.56010983439563,375.69949939644954
146.9,0.0,1.0626697267475398e-07,1.0020474083191848e-10,295.3285767461521,377.6621708499951
147.0,0.0,1.0291291254842035e-07,9.808389999999999e-11,296.096,379.6274096434928
147.1,0.0,9.95703938325645e-08,9.600990702275604e-11,296.8622059831473,381.59478948290894
147.2,0.0,9.625901608378626e-08,9.398132073477913e-11,297.62696653644696,383.5636492016374
147.3,0.0,9.299562026075862e-08,9.199670220903113e-11,298.3900398641627,385.5332689149294
147.4,0.0,8.979704732215465e-08,9.005461251847389e-11,299.1511841705586,387.5029287380362
147.5,0.0,8.66801382266476e-08,8.815361273606935e-11,299.9101576598987,389.47190878620876
147.6,0.0,8.366173393291009e-08,8.629226393477917e-11,300.666718536447,391.43948917469874
147.7,0.0,8.075867539961531e-08,8.446912718756527e-11,301.4206250044672,393.4049500187569
147.8,0.0,7.798780358543637e-08,8.268276356738951e-11,302.1716352682235,395.3675714336347
147.9,0.0,7.536595944904627e-08,8.093173414721376e-11,302.9195075319798,397.32663353458315
148.0,0.0,7.290998394911823e-08,7.92146e-11,303.66399999999993,399.2814164368534
148.1,0.0,7.063263411071579e-08,7.753040036411742e-11,304.4050950356954,401.2318242989157
148.2,0.0,6.853033122446662e-08,7.58800871395662e-11,305.143671639066,403.1802574521152
148.3,0.0,6.659541264738896e-08,7.426509039175392e-11,305.8808329692588,405.1297402710157
148.4,0.0,6.482021573650119e-08,7.268684018608823e-11,306.61768218542124,407.08329713018134
148.5,0.0,6.31970778488217e-08,7.114676658797687e-11,307.35532244670037,409.043952404176
148.6,0.0,6.17183363413686e-08,6.964629966282727e-11,308.0948569122436,411.01473046756394
148.7,0.0,6.037632857116031e-08,6.818686947604714e-11,308.83738874119797,412.998655694909
148.8,0.0,5.916339189521515e-08,6.676990609304412e-11,309.5840210927107,414.9987524607752
148.9,0.0,5.807186367055143e-08,6.539683957922582e-11,310.33585712592895,417.01804513972644
149.0,0.0,5.7094081254187524e-08,6.406910000000002e-11,311.094,419.0595581063267
149.1,0.0,5.622238200314165e-08,6.278811742077411e-11,311.85955287407114,421.12631573514034
149.2,0.0,5.544910327443215e-08,6.155532190695581e-11,312.6336189072894,423.221342400731
149.3,0.0,5.476658242507736e-08,6.037214352395279e-11,313.4173012588021,425.3476624776628
149.4,0.0,5.416715681209559e-08,5.924001233717267e-11,314.2117030877565,427.5083003404998
149.5,0.0,5.36431637925052e-08,5.816035841202314e-11,315.0179275532996,429.7062803638057
149.6,0.0,5.3186940723324426e-08,5.713461181391167e-11,315.83707781457883,431.94462692214495
149.7,0.0,5.279082496157162e-08,5.616420260824599e-11,316.67025703074125,434.22636439008136
149.8,0.0,5.2447153864265104e-08,5.525056086043373e-11,317.5185683609342,436.55451714217895
149.9,0.0,5.2148264788423174e-08,5.4395116635882493e-11,318.3831149643047,438.9321095530016
150.0,0.0,5.18864950910642e-08,5.35993e-11,319.26500000000004,441.3621659971133
